{
  "accuracy": 0.8043478260869565,
  "precision": 0.8,
  "recall": 0.8627450980392157,
  "f1_score": 0.8301886792452831,
  "auc_roc": 0.8726685796269728
}